"ID","Description","setSize","enrichmentScore","NES","pvalue","p.adjust","qvalue","rank","leading_edge","core_enrichment","log2err","direction"
"rno03082","ATP-dependent chromatin remodeling",97,-0.611638387984892,-2.54745334010277,1e-10,3.41e-09,1.82812020410909e-09,2042,"tags=48%, list=17%, signal=41%","Mbd3/Dmap1/Baz2b/Actl6b/Gatad2a/Pbrm1/Actr6/Rsf1/Rbbp4/Macroh2a2/Baz1b/Arid2/Hdac2/Chd4/Smarcb1/Dpf3/Ing3/Mta2/Ruvbl2/Smarcc1/Smarce1/Nfrkb/Cdk2ap1/Epc2/Epc1/Baz1a/Ss18/Bicra/Vps72/Smarcd2/Phf6/Brd8/Smarca4/Smarcc2/Mrgbp/Yeats4/Smarcd1/Hdac1/Dpf2/Actl6a/Macroh2a1/Baz2a/Smarca5/Cecr2/Chd3/H2az2/Smarcd3",NA,"suppressed"
"rno04713","Circadian entrainment",76,0.755002516972952,2.46154779030663,1e-10,3.41e-09,1.82812020410909e-09,2141,"tags=62%, list=18%, signal=51%","Gucy1a1/Gucy1b1/Camk2b/Gng7/Prkcb/Grin1/Adcy1/Cacna1i/Ryr2/Camk2a/Adcyap1/Adcy5/Gria3/Itpr1/Prkca/Gnao1/Kcnj3/Gnb4/Cacna1d/Plcb1/Gnai1/Per1/Cacna1g/Gnas/Camk2g/Calm3/Prkacb/Grin2b/Adcy2/Kcnj9/Adcy9/Gnai3/Gng2/Gria1/Gng3/Gnb5/Mapk1/Mapk3/Gnb1/Fos/Grin2d/Gng10/Gnb2/Gucy1a2/Gng12/Gria4/Prkaca",NA,"activated"
"rno04727","GABAergic synapse",68,0.753106227567645,2.42367080614053,1e-10,3.41e-09,1.82812020410909e-09,1902,"tags=65%, list=16%, signal=55%","Gabra5/Gabbr2/Gng7/Prkcb/Adcy1/Slc6a1/Adcy5/Slc6a11/Prkca/Slc12a5/Gnao1/Gabra4/Gabrb2/Gnb4/Cacna1b/Slc38a3/Cacna1d/Gabrb3/Abat/Gabbr1/Gnai1/Gabra1/Nsf/Gabrg3/Cacna1a/Gad1/Gabrd/Gabra2/Gabrb1/Prkacb/Adcy2/Gabra3/Adcy9/Gnai3/Gng2/Gabrg1/Gng3/Gnb5/Gabrg2/Gnb1/Glul/Slc32a1/Gng10/Gnb2",NA,"activated"
"rno04082","Neuroactive ligand signaling",126,0.668441167545721,2.333260248617,1e-10,3.41e-09,1.82812020410909e-09,2158,"tags=56%, list=18%, signal=46%","Gabra5/Gabbr2/Gng7/Prkcb/Slc1a3/Grin1/Grm5/Adcy1/Adra2a/Slc6a1/Adcy5/Gria3/Slc6a11/Prkca/Glrb/Gnao1/Gabra4/Gabrb2/Chrm3/Grm7/Gnb4/Penk/Grm3/Gabrb3/Plcb1/Chrna4/Gabbr1/Gnai1/Gabra1/Chrm4/Gabrg3/Grik2/Gnas/Grm2/Drd2/Gabrd/Gabra2/P2rx2/Gabrb1/Prkacb/Grin2b/Adcy2/Gabra3/Slc1a6/Adcy9/Gnai3/Gng2/Gabrg1/Gria1/Gng3/Slc17a7/Gnb5/Grm6/Gabrg2/Grm8/Oprl1/Grik1/P2ry1/Gnb1/Grin2d/Htr1b/Slc32a1/Slc1a2/Gng10/Gnb2/Gng12/Ogfrl1/Gria4/Prkaca/Hrh2",NA,"activated"
"rno04724","Glutamatergic synapse",96,0.701334782095517,2.32731153449146,1e-10,3.41e-09,1.82812020410909e-09,1902,"tags=60%, list=16%, signal=51%","Gng7/Prkcb/Slc1a3/Grin1/Grm5/Adcy1/Dlgap1/Shank1/Adcy5/Gria3/Itpr1/Prkca/Shank3/Gnao1/Kcnj3/Grm7/Ncdn/Ppp3cb/Gnb4/Grm3/Slc38a3/Cacna1d/Plcb1/Gnai1/Homer2/Grik2/Cacna1a/Homer1/Gnas/Grm2/Prkacb/Grin2b/Adcy2/Slc1a6/Pla2g4e/Adcy9/Gnai3/Gng2/Gria1/Shank2/Gng3/Slc17a7/Gnb5/Grm6/Mapk1/Mapk3/Grm8/Trpc1/Dlg4/Grik1/Grk2/Gnb1/Glul/Pld2/Grin2d/Slc1a2/Gng10/Gnb2",NA,"activated"
"rno04540","Gap junction",69,0.723776195784478,2.3267462733673,1e-10,3.41e-09,1.82812020410909e-09,1723,"tags=46%, list=14%, signal=40%","Gucy1a1/Gucy1b1/Prkcb/Grm5/Adcy1/Egfr/Adcy5/Itpr1/Prkca/Tubb4a/Tuba4a/Pdgfa/Plcb1/Tubb4b/Tubb6/Gnai1/Gnas/Tubb2b/Tubb3/Drd2/Tjp1/Prkacb/Adcy2/Hras/Adcy9/Gnai3/Mapk1/Mapk3/Gja1/Pdgfra/Pdgfrb/Cdk1",NA,"activated"
"rno05032","Morphine addiction",72,0.722169756388873,2.32351909805451,1e-10,3.41e-09,1.82812020410909e-09,1902,"tags=60%, list=16%, signal=51%","Gabra5/Gabbr2/Gng7/Prkcb/Adcy1/Adcy5/Prkca/Gnao1/Gabra4/Gabrb2/Kcnj3/Gnb4/Cacna1b/Gabrb3/Gabbr1/Gnai1/Gabra1/Gabrg3/Pde1a/Cacna1a/Gnas/Pde10a/Gabrd/Pde2a/Gabra2/Gabrb1/Prkacb/Adcy2/Gabra3/Kcnj9/Adcy9/Gnai3/Gng2/Gabrg1/Gng3/Gnb5/Arrb1/Gabrg2/Grk2/Gnb1/Slc32a1/Gng10/Gnb2",NA,"activated"
"rno05150","Staphylococcus aureus infection",20,-0.754941635876902,-2.29254564459689,4.93341856880831e-05,0.000454674522152334,0.000243753571917984,2069,"tags=70%, list=17%, signal=58%","Icam1/Fcgr3a/Itgb2/C2/C3ar1/Itgam/Ptafr/Itgal/C1qc/C1qb/Cfh/C3/Masp1/C1qa",0.557332238758646,"suppressed"
"rno04925","Aldosterone synthesis and secretion",73,0.703756180839272,2.29160469321666,9.27775132214145e-10,2.87610290986385e-08,1.54189496733696e-08,1142,"tags=45%, list=9%, signal=41%","Camk2b/Kcnk9/Prkcb/Atp1a2/Atp1b1/Adcy1/Cacna1i/Camk2a/Nr4a2/Adcy5/Itpr1/Prkca/Atp2b2/Atp2b1/Atp1a1/Cacna1d/Plcb1/Atp1a3/Camk1/Cacna1g/Gnas/Camk2g/Dagla/Calm3/Atp1b2/Atp2b3/Agtr1a/Kcnk3/Pde2a/Prkacb/Adcy2/Nr4a1/Adcy9",0.801215574617779,"activated"
"rno04970","Salivary secretion",49,0.752390964773032,2.28377496817893,1.75917314485609e-09,4.99898368663271e-08,2.67998330719795e-08,1142,"tags=49%, list=9%, signal=45%","Gucy1a1/Gucy1b1/Prkcb/Atp1a2/Atp1b1/Adcy1/Adcy5/Itpr1/Prkca/Atp2b2/Chrm3/Atp2b1/Vamp2/Atp1a1/Plcb1/Atp1a3/Kcnma1/Gnas/Calm3/Atp1b2/Atp2b3/Prkacb/Adcy2/Adcy9",0.788186810800237,"activated"
"rno04924","Renin secretion",39,0.759055645994371,2.24993223063928,7.56398878635891e-08,1.43295565341577e-06,7.68215595777628e-07,1185,"tags=41%, list=10%, signal=37%","Gucy1a1/Gucy1b1/Adcyap1/Adcy5/Itpr1/Ppp3cb/Cacna1d/Plcb1/Gnai1/Pde1a/Kcnma1/Gnas/Calm3/Agtr1a/Prkacb/Gnai3",0.704975715167238,"activated"
"rno04080","Neuroactive ligand-receptor interaction",148,0.628522961402427,2.21308490079337,1e-10,3.41e-09,1.82812020410909e-09,2313,"tags=51%, list=19%, signal=42%","Nts/Gabra5/Gabbr2/Npy1r/Sstr1/Vgf/Grin1/Grm5/Cck/Ntsr1/Adra2a/Adcyap1/Gria3/Sst/Glrb/Gabra4/Gabrb2/Chrm3/Grm7/Grid1/Penk/Grm3/Gabrb3/Chrna4/Gpr50/Gabbr1/Rxfp1/Gabra1/Chrm4/Gabrg3/Grik2/Sstr4/Grm2/Drd2/Agtr1a/Gabrd/Gabra2/P2rx2/Gabrb1/Ednrb/Cckbr/Grin2b/Gabra3/Npy/S1pr1/Gabrg1/Gria1/Cnr1/Grm6/Gabrg2/Grm8/Oprl1/Grik1/Apln/Ghr/P2ry1/Chrna5/Grin2d/Nr3c1/Thrb/Grid2/Glra2/Htr1b/Lypd6b/Mchr1/Gpr83/Ptger3/Ogfrl1/Pth1r/Gria4/Hrh2/Pgrmc2/Htr5a/Npy5r/Htr1a/Tshr",NA,"activated"
"rno04921","Oxytocin signaling pathway",114,0.641945128217472,2.20980949236787,1e-10,3.41e-09,1.82812020410909e-09,2149,"tags=46%, list=18%, signal=39%","Gucy1a1/Gucy1b1/Camk2b/Mef2c/Ccnd1/Prkcb/Cacna2d1/Adcy1/Ryr2/Egfr/Camk2a/Adcy5/Itpr1/Prkca/Gnao1/Kcnj3/Cacng4/Ppp3cb/Cacna1d/Plcb1/Cacna2d3/Gnai1/Camk1/Kcnj4/Gnas/Camk2g/Calm3/Prkacb/Kcnj12/Prkaa2/Adcy2/Hras/Pla2g4e/Camkk2/Kcnj9/Adcy9/Gnai3/Mapk1/Mapk3/Rcan1/Cacnb1/Camk1g/Cacnb4/Fos/Cacna2d2/Rock2/Rgs2/Gucy1a2/Map2k1/Camk1d/Myl9/Prkaca/Prkab2",NA,"activated"
"rno04911","Insulin secretion",63,0.683418879777183,2.2048485945025,2.55468715704557e-08,5.80765547035027e-07,3.11351680464868e-07,1506,"tags=48%, list=12%, signal=42%","Camk2b/Prkcb/Atp1a2/Atp1b1/Adcy1/Ryr2/Cck/Camk2a/Adcyap1/Adcy5/Prkca/Chrm3/Vamp2/Atp1a1/Cacna1d/Plcb1/Atp1a3/Rims2/Kcnma1/Gnas/Camk2g/Stx1a/Rapgef4/Atp1b2/Prkacb/Adcy2/Adcy9/Rab3a/Creb5/Atp1b3",0.73376198835648,"activated"
"rno04972","Pancreatic secretion",55,0.705099581468818,2.18686758023449,3.23488244309167e-08,6.89434320683913e-07,3.69609622008354e-07,1517,"tags=49%, list=13%, signal=43%","Prkcb/Atp1a2/Atp1b1/Adcy1/Ryr2/Cck/Adcy5/Itpr1/Prkca/Atp2b2/Chrm3/Atp2b1/Atp2a2/Atp1a1/Plcb1/Atp1a3/Kcnma1/Gnas/Atp1b2/Atp2b3/Slc4a4/Adcy2/Adcy9/Rac1/Ctrb1/Atp1b3/Trpc1",0.719512826338911,"activated"
"rno04723","Retrograde endocannabinoid signaling",111,0.642180444690896,2.17625160874404,1e-10,3.41e-09,1.82812020410909e-09,1439,"tags=41%, list=12%, signal=36%","Gabra5/Gng7/Prkcb/Grm5/Adcy1/Adcy5/Gria3/Itpr1/Prkca/Gnao1/Gabra4/Gabrb2/Kcnj3/Gnb4/Rims1/Cacna1b/Cacna1d/Gabrb3/Plcb1/Gnai1/Gabra1/Gabrg3/Cacna1a/Dagla/Faah/Gabrd/Gabra2/Gabrb1/Prkacb/Mapk10/Adcy2/Gabra3/Kcnj9/Adcy9/Gnai3/Gng2/Gabrg1/Gria1/Gng3/Cnr1/Slc17a7/Gnb5/Mapk1/Gabrg2/Mapk3",NA,"activated"
"rno04742","Taste transduction",39,0.719632829131005,2.1330782598513,2.0050668952008e-06,2.62972235101336e-05,1.40980896219495e-05,1078,"tags=44%, list=9%, signal=40%","Gabra5/Gabbr2/Scn2a/Gabra4/Chrm3/Plcb1/Asic2/Gabbr1/Gabra1/Pde1a/Cacna1a/Scn3a/Tas1r2/Gabra2/P2rx2/Prkacb/Gabra3",0.627256739718528,"activated"
"rno05033","Nicotine addiction",30,0.763952154043094,2.12300121847037,1.14287452402814e-06,1.62383421955665e-05,8.70546670057251e-06,1791,"tags=73%, list=15%, signal=63%","Gabra5/Grin1/Gria3/Gabra4/Gabrb2/Cacna1b/Gabrb3/Chrna4/Gabra1/Gabrg3/Cacna1a/Gabrd/Gabra2/Gabrb1/Grin2b/Gabra3/Gabrg1/Gria1/Slc17a7/Gabrg2/Grin2d/Slc32a1",0.643551836150722,"activated"
"rno04022","cGMP-PKG signaling pathway",113,0.622039189347745,2.11661131251167,2.1817053516037e-09,5.72278096074509e-08,3.06801510206127e-08,2164,"tags=45%, list=18%, signal=37%","Gucy1a1/Gucy1b1/Mef2c/Atp1a2/Atp1b1/Adcy1/Irs2/Adra2a/Adcy5/Itpr1/Atp2b2/Atp2b1/Ppp3cb/Atp2a2/Atp1a1/Cacna1d/Plcb1/Atp1a3/Gnai1/Kcnma1/Calm3/Atp1b2/Atp2b3/Slc25a5/Agtr1a/Mef2a/Pde2a/Ednrb/Adcy2/Adcy9/Gnai3/Nppc/Slc8a1/Mapk1/Creb5/Vdac2/Myh7/Mapk3/Atp1b3/Mef2d/Rock2/Vdac3/Vdac1/Rgs2/Gucy1a2/Creb3l2/Kcnmb2/Map2k1/Prkce/Myl9/Slc25a4",0.774939030136436,"activated"
"rno04725","Cholinergic synapse",88,0.635173125467728,2.10679482834311,4.72827462445392e-08,9.48436262905168e-07,5.08462021855325e-07,1439,"tags=42%, list=12%, signal=37%","Camk2b/Kcnq5/Gng7/Prkcb/Adcy1/Camk2a/Adcy5/Itpr1/Prkca/Gnao1/Kcnj3/Pik3r1/Chrm3/Gnb4/Cacna1b/Cacna1d/Plcb1/Chrna4/Gnai1/Kcnq4/Chrm4/Cacna1a/Kcnj4/Camk2g/Kcnq2/Prkacb/Kcnj12/Adcy2/Hras/Adcy9/Gnai3/Gng2/Gng3/Gnb5/Mapk1/Creb5/Mapk3",0.719512826338911,"activated"
"rno04730","Long-term depression",50,0.684996663565781,2.10003001970681,7.69671403269966e-07,1.14920325887598e-05,6.16094339055479e-06,2037,"tags=46%, list=17%, signal=38%","Gucy1a1/Gucy1b1/Prkcb/Gria3/Itpr1/Prkca/Gnao1/Plcb1/Gnaz/Gnai1/Cacna1a/Gnas/Hras/Pla2g4e/Gnai3/Gria1/Mapk1/Mapk3/Grid2/Ppp2cb/Gucy1a2/Ppp2r1a/Map2k1",0.659444398037935,"activated"
"rno04720","Long-term potentiation",55,0.674456966556731,2.0918294567041,7.55839862637148e-07,1.14920325887598e-05,6.16094339055479e-06,1439,"tags=38%, list=12%, signal=34%","Camk2b/Prkcb/Grin1/Grm5/Adcy1/Ppp1r1a/Camk2a/Itpr1/Prkca/Ppp3cb/Plcb1/Rps6ka3/Camk2g/Calm3/Prkacb/Grin2b/Hras/Rps6ka2/Gria1/Mapk1/Mapk3",0.659444398037935,"activated"
"rno04918","Thyroid hormone synthesis",49,0.67764877323277,2.05690575509902,2.35416863782824e-06,2.97322779814604e-05,1.59396416692362e-05,1506,"tags=41%, list=12%, signal=36%","Prkcb/Atp1a2/Atp1b1/Adcy1/Adcy5/Itpr1/Prkca/Atp1a1/Plcb1/Atp1a3/Canx/Hspa5/Gnas/Atp1b2/Hsp90b1/Prkacb/Adcy2/Adcy9/Creb5/Atp1b3",0.627256739718528,"activated"
"rno04961","Endocrine and other factor-regulated calcium reabsorption",39,0.692138195569059,2.05158085903875,1.48154773421889e-05,0.000153093265869285,8.20741620084121e-05,1719,"tags=56%, list=14%, signal=49%","Prkcb/Atp1a2/Atp1b1/Dnm1/Prkca/Atp2b2/Atp2b1/Dnm3/Atp1a1/Plcb1/Atp1a3/Cltb/Gnas/Atp1b2/Atp2b3/Prkacb/Adcy9/Slc8a1/Ap2a1/Atp1b3/Ap2m1/Rab11a",0.593325476396405,"activated"
"rno04726","Serotonergic synapse",70,0.625534430776662,2.04789782520137,1.84812567285534e-06,2.52084341777469e-05,1.35143835291182e-05,2285,"tags=54%, list=19%, signal=44%","Gng7/Prkcb/Adcy5/Itpr1/Prkca/Gnao1/Gabrb2/Kcnj3/Gnb4/Cacna1b/Cacna1d/Gabrb3/Plcb1/Gnai1/Cacna1a/Gnas/Gabrb1/Prkacb/Hras/Pla2g4e/Kcnj9/Gnai3/Gng2/Gng3/Gnb5/Mapk1/Mapk3/Trpc1/App/Gnb1/Htr1b/Gng10/Gnb2/Map2k1/Gng12/Prkaca/Htr5a/Htr1a",0.643551836150722,"activated"
"rno04927","Cortisol synthesis and secretion",45,0.67276513632586,2.01110263532488,1.33983967079112e-05,0.000147382363787023,7.90125152400037e-05,2141,"tags=49%, list=18%, signal=40%","Adcy1/Cacna1i/Adcy5/Itpr1/Kcna4/Cacna1d/Plcb1/Cacna1g/Gnas/Nceh1/Agtr1a/Kcnk3/Prkacb/Adcy2/Nr4a1/Adcy9/Ldlr/Creb5/Cyp11a1/Kcnk2/Creb3l2/Prkaca",0.593325476396405,"activated"
"rno04728","Dopaminergic synapse",104,0.593178780395333,2.00224541840484,5.91968068217158e-07,1.00930555631026e-05,5.41094392847608e-06,2538,"tags=56%, list=21%, signal=44%","Camk2b/Gng7/Prkcb/Caly/Ppp2r2c/Camk2a/Adcy5/Gria3/Itpr1/Prkca/Kif5a/Gnao1/Kcnj3/Bmal1/Ppp3cb/Gnb4/Cacna1b/Cacna1d/Plcb1/Gnai1/Cacna1a/Gnas/Camk2g/Calm3/Drd2/Prkacb/Mapk10/Grin2b/Kcnj9/Gnai3/Gng2/Gria1/Gng3/Gnb5/Arrb1/Creb5/Gsk3a/Gnb1/Fos/Gng10/Ppp2r5a/Ppp2cb/Gnb2/Ppp2r1a/Creb3l2/Mapk8/Gng12/Gria4/Ppp2r5c/Prkaca/Ppp2cal1/Akt3/Ppp2r5b/Gnal/Kif5c/Mapk9/Ppp2r5e/Drd1",0.659444398037935,"activated"
"rno04721","Synaptic vesicle cycle",57,0.634376019418888,1.99377068826117,1.17629038857452e-05,0.000134099492911432,7.18914933584084e-05,1939,"tags=54%, list=16%, signal=46%","Syt1/Slc1a3/Slc6a1/Dnm1/Slc6a11/Stxbp1/Vamp2/Rims1/Atp6v1a/Dnm3/Cacna1b/Nsf/Cltb/Atp6v0c/Stx1b/Cacna1a/Atp6v0a1/Stx1a/Atp6v1b2/Unc13a/Slc1a6/Slc17a7/Rab3a/Atp6v1g2/Ap2a1/Atp6v0d1/Ap2m1/Slc32a1/Slc1a2/Atp6v1e1/Slc6a7",0.593325476396405,"activated"
"rno04971","Gastric acid secretion",51,0.651840235552717,1.99344075432731,1.17976093470468e-05,0.000134099492911432,7.18914933584084e-05,1185,"tags=47%, list=10%, signal=43%","Camk2b/Prkcb/Atp1a2/Atp1b1/Adcy1/Camk2a/Adcy5/Itpr1/Prkca/Sst/Chrm3/Atp1a1/Plcb1/Atp1a3/Gnai1/Gnas/Camk2g/Calm3/Atp1b2/Prkacb/Cckbr/Adcy2/Adcy9/Gnai3",0.593325476396405,"activated"
"rno04020","Calcium signaling pathway",169,0.556395505445566,1.97380732120411,1.91528631985681e-08,4.66509025050839e-07,2.50098115570285e-07,2164,"tags=38%, list=18%, signal=32%","Camk2b/Met/Ntrk2/Prkcb/Grin1/Grm5/Adcy1/Cacna1i/Ryr2/Egfr/Ntsr1/Camk2a/Ptk2b/Itpr1/Prkca/Atp2b2/Chrm3/Atp2b1/Pdgfa/Ppp3cb/Atp2a2/Cacna1b/Cacna1d/Plcb1/Pde1a/Camk1/Cacna1g/Fgf9/Cacna1a/Vegfd/Gnas/Camk2g/Tgfa/Calm3/Atp2b3/Slc25a5/Agtr1a/Mcu/P2rx2/Prkacb/Ednrb/Cckbr/Grin2b/Adcy2/Adcy9/Itpkb/Slc8a1/Vdac2/Plce1/Itpka/Pdgfra/Camk1g/Pdgfrb/Grin2d/Plcd1/Vdac3/Vdac1/Ret/Hgf/Ptger3/Camk1d/Prkaca/Hrh2/Slc25a4",0.73376198835648,"activated"
"rno04261","Adrenergic signaling in cardiomyocytes",113,0.576935280526284,1.96313634616734,4.08335547640684e-07,7.32854851291964e-06,3.92887612998886e-06,1952,"tags=42%, list=16%, signal=36%","Camk2b/Atp1a2/Cacna2d1/Ppp2r2c/Atp1b1/Adcy1/Ppp1r1a/Ryr2/Camk2a/Adcy5/Prkca/Atp2b2/Cacng4/Atp2b1/Atp2a2/Atp1a1/Cacna1d/Plcb1/Cacna2d3/Atp1a3/Gnai1/Gnas/Camk2g/Rapgef4/Calm3/Atp1b2/Atp2b3/Agtr1a/Prkacb/Adcy2/Adcy9/Gnai3/Slc8a1/Mapk1/Creb5/Scn1b/Myh7/Mapk3/Atp1b3/Tpm1/Cacnb1/Cacnb4/Cacna2d2/Ppp2r5a/Ppp2cb/Ppp2r1a/Kcnk2/Creb3l2",0.674962860011025,"activated"
"rno00650","Butanoate metabolism",17,0.786667324548468,1.96058074910775,9.98595952806842e-05,0.00082260542313816,0.000441003400014245,1018,"tags=59%, list=8%, signal=54%","Hmgcs1/Acat2/Aacs/Oxct1/Abat/Acat2l1/Bdh1/Gad1/Aldh5a1/Hmgcll1",0.538434096309916,"activated"
"rno03320","PPAR signaling pathway",45,0.646659663641574,1.93306532025459,7.92794368277462e-05,0.000693186870724653,0.000371621385218444,1587,"tags=40%, list=13%, signal=35%","Hmgcs1/Acsl4/Fabp3/Fabp7/Scd/Me1/Acsbg1/Acsl1/Dbi/Lpl/Acsl3/Scd2/Acsl5/Acsl6/Cpt1a/Fads2/Acadl/Rxrg",0.538434096309916,"activated"
"rno03083","Polycomb repressive complex",75,-0.465638551186518,-1.90632662322927,0.000223637247451085,0.00158875627876708,0.000851741188451401,1969,"tags=33%, list=16%, signal=28%","Kdm2a/Ring1/Cbx3/Kdm2b/Pcgf6/Rbbp4/E2f6/Hdac2/Phc1/Rnf2/Bmi1/L3mbtl2/Phf1/Mbd6/Sfmbt1/Usp45/Mtf2/Hdac1/Ogt/Jarid2/Bcor/Cbx2/Phc2/Ezh2/Auts2",0.518848077743792,"suppressed"
"rno04081","Hormone signaling",107,0.554393517733027,1.89716926086931,6.00014482392748e-06,7.3073192319974e-05,3.91749499292943e-05,2739,"tags=50%, list=23%, signal=39%","Sstr1/Gng7/Adcy1/Cck/Irs2/Adra2a/Adcy5/Sst/Gnao1/Pik3r1/Slco1c1/Gnb4/Penk/Plcb1/Gnai1/Acvr1/Sstr4/Gnas/Rapgef4/Drd2/Agtr1a/Npr3/Prkacb/Itgav/Cckbr/Adcy2/Adcy9/Gnai3/Gng2/Gng3/Nppc/Gnb5/Oprl1/Ghr/Gnb1/Thrb/Gng10/Gnb2/Mchr1/Gng12/Pth1r/Prkaca/Smad9/Tshr/Irs1/Drd1/Thra/Pik3r2/Adra1d/Pdyn/Pnoc/Gna12/Heph",0.610526878385931,"activated"
"rno00900","Terpenoid backbone biosynthesis",19,0.749590593749834,1.8915599873886,0.000745860025602932,0.00462433215873818,0.00247913051316735,998,"tags=37%, list=8%, signal=34%","Hmgcs1/Idi1/Acat2/Mvd/Hmgcr/Acat2l1/Nus1",0.477270815362862,"activated"
"rno04024","cAMP signaling pathway",151,0.534925822330602,1.88603234940846,7.75122432672947e-07,1.14920325887598e-05,6.16094339055479e-06,2167,"tags=42%, list=18%, signal=35%","Camk2b/Gabbr2/Npy1r/Sstr1/Atp1a2/Grin1/Atp1b1/Adcy1/Ryr2/Camk2a/Adcyap1/Adcy5/Gria3/Sst/Atp2b2/Pik3r1/Atp2b1/Atp2a2/Atp1a1/Hcn2/Cacna1d/Atp1a3/Gabbr1/Gnai1/Gnas/Camk2g/Bdnf/Pde10a/Rapgef4/Calm3/Atp1b2/Drd2/Atp2b3/Prkacb/Mapk10/Grin2b/Rras2/Adcy2/Npy/Adcy9/Gnai3/Gria1/Rac1/Mapk1/Creb5/Mapk3/Plce1/Atp1b3/Fos/Hhip/Pld2/Grin2d/Htr1b/Rock2/Rap1b/Kcnk2/Creb3l2/Map2k1/Ptger3/Mapk8/Gria4/Myl9/Prkaca/Pak1",0.659444398037935,"activated"
"rno00061","Fatty acid biosynthesis",15,0.780280625263119,1.88323646376401,0.000607589709753936,0.00390920926464325,0.00209574910228292,1247,"tags=53%, list=10%, signal=48%","Acsl4/Acsbg1/Acsl1/Acsl3/Acsl5/Acaca/Acsl6/Fasn",0.477270815362862,"activated"
"rno04915","Estrogen signaling pathway",87,0.56605324874903,1.86697548375591,2.24521503120961e-05,0.000225181860483081,0.000120721263562462,2257,"tags=39%, list=19%, signal=32%","Gabbr2/Adcy1/Egfr/Adcy5/Shc3/Itpr1/Gnao1/Kcnj3/Pik3r1/Plcb1/Gabbr1/Gnai1/Gnas/Tgfa/Calm3/Shc2/Hsp90b1/Prkacb/Adcy2/Hras/Kcnj9/Adcy9/Gnai3/Mapk1/Creb5/Mapk3/Fos/Hbegf/Creb3l2/Mmp2/Map2k1/Prkaca/Hspa8/Pgr",0.575610261071129,"activated"
"rno05322","Systemic lupus erythematosus",30,-0.571094288990864,-1.86492442041287,0.00124752929997372,0.00709882563583768,0.00380572040185408,2273,"tags=47%, list=19%, signal=38%","Actn1/Fcgr3a/Snrpd3/H3f3a/Macroh2a2/C2/Hist3h2ba/C1qc/Macroh2a1/C1qb/H3f3b/C3/C1qa/H2az2",0.45505986738723,"suppressed"
"rno04260","Cardiac muscle contraction",61,0.588653057661919,1.8594959092205,0.000101317970005287,0.00082260542313816,0.000441003400014245,1744,"tags=33%, list=14%, signal=28%","Atp1a2/Cacna2d1/Atp1b1/Ryr2/Slc9a6/Cacng4/Atp2a2/Atp1a1/Cacna1d/Cacna2d3/Atp1a3/Atp1b2/Slc9a7/Slc8a1/Myh7/Atp1b3/Tpm1/Cacnb1/Cacnb4/Cacna2d2",0.538434096309916,"activated"
"rno04912","GnRH signaling pathway",67,0.583084982933431,1.85421691078579,0.000126193189110978,0.00100074133690334,0.000536503066592416,2141,"tags=43%, list=18%, signal=36%","Camk2b/Prkcb/Adcy1/Egfr/Camk2a/Adcy5/Ptk2b/Itpr1/Prkca/Cacna1d/Plcb1/Gnas/Camk2g/Calm3/Prkacb/Mapk10/Adcy2/Hras/Pla2g4e/Adcy9/Mapk1/Mapk3/Cdc42/Pld2/Hbegf/Mmp2/Map2k1/Mapk8/Prkaca",0.518848077743792,"activated"
"rno04926","Relaxin signaling pathway",99,0.549254021988195,1.85041208304223,1.45790761118723e-05,0.000153093265869285,8.20741620084121e-05,2141,"tags=43%, list=18%, signal=36%","Gng7/Adcy1/Egfr/Adcy5/Shc3/Prkca/Gnao1/Pik3r1/Gnb4/Plcb1/Rxfp1/Gnai1/Col1a1/Vegfd/Gnas/Col1a2/Prkcz/Shc2/Prkacb/Mapk10/Ednrb/Adcy2/Hras/Adcy9/Gnai3/Gng2/Gng3/Gnb5/Arrb1/Mapk1/Creb5/Mapk3/Col3a1/Gnb1/Fos/Gng10/Gnb2/Creb3l2/Mmp2/Map2k1/Mapk8/Gng12/Prkaca",0.593325476396405,"activated"
"rno04371","Apelin signaling pathway",100,0.544849646144744,1.83595987156162,4.48795646683305e-05,0.000425109209775019,0.000227903441449432,2149,"tags=40%, list=18%, signal=33%","Mef2c/Gng7/Ccnd1/Adcy1/Ryr2/Adcy5/Itpr1/Gnb4/Plcb1/Gnai1/Ppargc1a/Calm3/Agtr1a/Mef2a/Prkacb/Prkaa2/Rras2/Adcy2/Hras/Adcy9/Gnai3/Gng2/Gng3/Gnb5/Slc8a1/Mapk1/Map1lc3a/Mapk3/Mef2d/Apln/Gnb1/Gng10/Gnb2/Notch3/Hdac4/Map2k1/Gng12/Prkce/Prkaca/Prkab2",0.557332238758646,"activated"
"rno04929","GnRH secretion",51,0.599675408011418,1.83391164352441,0.000331633213042342,0.00226173851294877,0.00121253075423264,1517,"tags=41%, list=13%, signal=36%","Trpc4/Gabbr2/Prkcb/Cacna1i/Itpr1/Prkca/Trpc5/Kcnj3/Pik3r1/Hcn2/Cacna1d/Plcb1/Hcn1/Gabbr1/Cacna1g/Hras/Kcnj9/Arrb1/Mapk1/Mapk3/Trpc1",0.49849310876659,"activated"
"rno04750","Inflammatory mediator regulation of TRP channels",61,0.578315899475004,1.82684186434408,0.000184300268151073,0.00136622590085904,0.000732441399629782,1142,"tags=31%, list=9%, signal=28%","Camk2b/Prkcb/Adcy1/Camk2a/Adcy5/Itpr1/Prkca/Pik3r1/Trpv2/Plcb1/Asic2/Gnas/Camk2g/Calm3/Prkacb/Mapk10/Adcy2/Pla2g4e/Adcy9",0.518848077743792,"activated"
"rno04976","Bile secretion",38,0.634760892790732,1.82581128921899,0.000414774741638109,0.0027732977823254,0.0014867805594956,1506,"tags=45%, list=12%, signal=39%","Atp1a2/Atp1b1/Adcy1/Adcy5/Atp1a1/Atp1a3/Hmgcr/Gnas/Nceh1/Atp1b2/Prkacb/Slc4a4/Adcy2/Adcy9/Ldlr/Aqp4/Atp1b3",0.49849310876659,"activated"
"rno05414","Dilated cardiomyopathy",73,0.559184523352704,1.82084351509495,0.000460907675299929,0.00302249071687069,0.00162037429508606,1744,"tags=33%, list=14%, signal=28%","Cacna2d1/Adcy1/Ryr2/Adcy5/Itgb5/Cacng4/Atp2a2/Itga3/Cacna1d/Cacna2d3/Itgb8/Gnas/Prkacb/Itgav/Adcy2/Adcy9/Dag1/Slc8a1/Myh7/Tpm1/Cacnb1/Cacnb4/Itga9/Cacna2d2",0.49849310876659,"activated"
"rno04973","Carbohydrate digestion and absorption",26,0.677401458507364,1.81905579731818,0.00108994658508794,0.0065205576406138,0.00349570767298064,860,"tags=42%, list=7%, signal=39%","Prkcb/Atp1a2/Atp1b1/Pik3r1/Atp1a1/Cacna1d/Plcb1/Atp1a3/Hk1/Atp1b2/Tas1r2",0.45505986738723,"activated"
"rno03410","Base excision repair",42,-0.503090156255073,-1.81333891810613,0.0025788558578717,0.0123318222372794,0.00661115935057253,2468,"tags=36%, list=20%, signal=29%","Rfc3/Pnkp/Lig3/Ogg1/Parp2/Rfc4/Mpg/Mutyh/Mbd4/Xrcc1/Poll/Lig1/Parp1/Tdg/Apex1",0.431707695803346,"suppressed"
"rno04960","Aldosterone-regulated sodium reabsorption",26,0.673179113832452,1.8077173502825,0.00124906022917965,0.00709882563583768,0.00380572040185408,1506,"tags=54%, list=12%, signal=47%","Prkcb/Atp1a2/Atp1b1/Sgk1/Prkca/Pik3r1/Atp1a1/Atp1a3/Nr3c2/Atp1b2/Nherf2/Mapk1/Mapk3/Atp1b3",0.45505986738723,"activated"
"rno00100","Steroid biosynthesis",15,0.748941117700069,1.80759739047644,0.00226101139547805,0.0111739838530147,0.00599043567216568,2142,"tags=60%, list=18%, signal=49%","Dhcr24/Cyp51/Msmo1/Sqle/Nsdhl/Hsd17b7/Tm7sf2/Fdft1/Dhcr7",0.431707695803346,"activated"
"rno04928","Parathyroid hormone synthesis, secretion and action",84,0.552775584038868,1.80634623493817,0.000133189346274642,0.00103221743362847,0.000553377579310805,2141,"tags=40%, list=18%, signal=34%","Mef2c/Prkcb/Adcy1/Egfr/Nr4a2/Adcy5/Sgk1/Itpr1/Prkca/Mmp24/Plcb1/Mmp16/Gnai1/Gnas/Mef2a/Prkacb/Adcy2/Adcy9/Gnai3/Arrb1/Mapk1/Creb5/Mapk3/Nherf1/Mef2d/Rxrg/Mmp17/Fos/Pld2/Hbegf/Creb3l2/Map2k1/Pth1r/Prkaca",0.518848077743792,"activated"
"rno04072","Phospholipase D signaling pathway",116,0.520717883795148,1.79959828468714,6.86993266349893e-05,0.000616486062698194,0.000330501650079247,1738,"tags=34%, list=14%, signal=29%","Grm5/Adcy1/Cyth3/Egfr/Adcy5/Dgkz/Dnm1/Shc3/Ptk2b/Kitlg/Prkca/Pik3r1/Grm7/Pdgfa/Dnm3/Grm3/Dgkb/Plcb1/Dgkh/Gnas/Grm2/Rapgef4/Agtr1a/Shc2/Rras2/Adcy2/Hras/Pla2g4e/Adcy9/Pip5k1c/Grm6/Mapk1/Mapk3/Grm8/Plpp3/Pdgfra/Pdgfrb/Pld2/Agpat3",0.538434096309916,"activated"
"rno04270","Vascular smooth muscle contraction",80,0.551227361689215,1.7994677685233,0.000262222002554447,0.00182485107900136,0.000978312940472918,2222,"tags=39%, list=18%, signal=32%","Gucy1a1/Gucy1b1/Prkcb/Adcy1/Adcy5/Itpr1/Prkca/Cacna1d/Plcb1/Kcnma1/Gnas/Actg2/Calm3/Agtr1a/Arhgef12/Prkacb/Adcy2/Pla2g4e/Adcy9/Nppc/Mapk1/Prkch/Mapk3/Rock2/Gucy1a2/Kcnmb2/Map2k1/Prkce/Myl9/Prkaca/Prkcq",0.49849310876659,"activated"
"rno04964","Proximal tubule bicarbonate reclamation",15,0.741308714586267,1.78917630018574,0.00321821342775459,0.0148298753900583,0.00795037971407207,1506,"tags=53%, list=12%, signal=47%","Atp1a2/Atp1b1/Atp1a1/Slc38a3/Atp1a3/Atp1b2/Slc4a4/Atp1b3",0.431707695803346,"activated"
"rno03050","Proteasome",41,-0.528293457445256,-1.78862816494536,0.00130347436549075,0.00716910901019912,0.00384339971466438,3222,"tags=44%, list=27%, signal=32%","Psma6/Psmd4/Psma1/Psmb2/Psmd14/Psmc5/Psmf1/Psmb7/Psmb5/Psmc4/Psmd2/Psmb3/Psmc2/Sem1/Psme4/Psma7/Psme2/Psme1",0.45505986738723,"suppressed"
"rno04114","Oocyte meiosis",95,0.525570608506546,1.76179601488416,0.000210744957337199,0.00152902192451032,0.000819717264728174,2417,"tags=39%, list=20%, signal=31%","Camk2b/Adcy1/Camk2a/Adcy5/Itpr1/Ywhah/Ppp3cb/Ywhag/Rps6ka3/Camk2g/Ywhab/Ywhaz/Calm3/Prkacb/Adcy2/Adcy9/Rps6ka2/Mapk1/Btrc/Mapk3/Ccne1/Cdk1/Ppp2r5a/Ywhaq/Ppp2cb/Ppp2r1a/Cpeb2/Map2k1/Ccne2/Ppp2r5c/Prkaca/Cpeb3/Ppp2cal1/Pgr/Cpeb4/Ppp2r5b/Skp1",0.518848077743792,"activated"
"rno04610","Complement and coagulation cascades",31,-0.521633140966147,-1.73511744175396,0.0104841163485711,0.0382437104206825,0.0205026685337674,1549,"tags=39%, list=13%, signal=34%","F8/Itgb2/Clu/C2/C3ar1/Itgam/C1qc/C1qb/Cfh/C3/Masp1/C1qa",0.380730400722792,"suppressed"
"rno04916","Melanogenesis",66,0.544069057033443,1.72828648173644,0.00121820996984878,0.00709882563583768,0.00380572040185408,1439,"tags=33%, list=12%, signal=30%","Camk2b/Prkcb/Adcy1/Camk2a/Adcy5/Kitlg/Prkca/Gnao1/Plcb1/Gnai1/Gnas/Camk2g/Calm3/Fzd9/Prkacb/Ednrb/Adcy2/Hras/Adcy9/Gnai3/Mapk1/Mapk3",0.45505986738723,"activated"
"rno04962","Vasopressin-regulated water reabsorption",35,0.598384411697901,1.71289271863969,0.00486362421629467,0.0208501315225269,0.0111778729309863,2916,"tags=51%, list=24%, signal=39%","Dync1i1/Arhgdib/Vamp2/Nsf/Gnas/Dynll2/Prkacb/Adcy9/Aqp4/Creb5/Rab11a/Creb3l2/Arhgdia/Prkaca/Dync1li1/Rab5c/Adcy3/Creb3l1",0.407017918923954,"activated"
"rno04820","Cytoskeleton in muscle cells",159,0.484027686649047,1.71248254894539,2.91992585759867e-05,0.000284484204983185,0.000152513584422191,3110,"tags=47%, list=26%, signal=35%","Atp1a2/Atp1b1/Nid1/Eno1/Itgb5/Daam1/Sdc3/Itga3/Atp1a1/Tmod2/Atp1a3/Itgb8/Tln2/Fmnl1/Nid2/Col1a1/Fbln2/Sptbn1/Actg2/Sptbn4/Col1a2/Sptbn2/Atp1b2/Acta1/Pdlim5/Csrp1/Itgav/Fmn2/Eln/Jup/Dag1/Nebl/Syne1/Fhl1/Myh7/Bgn/Dcn/Atp1b3/Col3a1/Capza2/Sdc1/Tpm1/Col5a3/Myl1/Itga9/Col9a2/Ampd3/Agrn/Myl9/Daam2/Col4a5/Itga11/Vim/Myh11/Diaph3/Col5a2/Fhl2/Col24a1/Myh6/Fbn1/Col9a3/Lama2/Col5a1/Myh4/Actn2/Sntb2/Tpm2/Nrap/Tpm3/Thbs4/Fhl3/Inf2/Pdlim3/Sntb1",0.575610261071129,"activated"
"rno05031","Amphetamine addiction",54,0.550143039668787,1.69535594433676,0.00207359018354551,0.0107135492816518,0.00574359410542699,1392,"tags=31%, list=11%, signal=28%","Camk2b/Prkcb/Grin1/Camk2a/Adcy5/Gria3/Prkca/Ppp3cb/Cacna1d/Gnas/Camk2g/Stx1a/Calm3/Prkacb/Grin2b/Gria1/Creb5",0.431707695803346,"activated"
"rno04923","Regulation of lipolysis in adipocytes",38,0.588763991912371,1.69350688633813,0.00263493622927376,0.0123318222372794,0.00661115935057253,1229,"tags=34%, list=10%, signal=31%","Npy1r/Adcy1/Irs2/Adcy5/Pik3r1/Gnai1/Gnas/Prkacb/Adcy2/Npy/Adcy9/Gnai3/Abhd5",0.431707695803346,"activated"
"rno04913","Ovarian steroidogenesis",26,0.61845912064673,1.66077535660415,0.00627315589836108,0.025772845317363,0.0138169675196627,1282,"tags=38%, list=11%, signal=34%","Adcy1/Adcy5/Acot1/Gnas/Hsd17b7/Prkacb/Adcy2/Pla2g4e/Adcy9/Ldlr",0.407017918923954,"activated"
"rno05214","Glioma",67,0.522195184872345,1.66058665693978,0.00348624105259065,0.0158507759857788,0.00849769027284733,1707,"tags=31%, list=14%, signal=27%","Camk2b/Ccnd1/Prkcb/Egfr/Camk2a/Shc3/Prkca/Pik3r1/Pdgfa/Camk1/Camk2g/Tgfa/Calm3/Shc2/Bak1/Hras/Mapk1/Mapk3/Pdgfra/Camk1g/Pdgfrb",0.431707695803346,"activated"
"rno04519","Cadherin signaling",225,0.452691225060636,1.65556543462166,0.000100084318179301,0.00082260542313816,0.000441003400014245,1607,"tags=30%, list=13%, signal=26%","Prickle2/Gabra5/Cdh8/Met/Prickle1/Pcdha4/Pcdh1/Ctnnd2/Egfr/Ptk2b/Cdh11/Cdh10/Pcdh10/Pcdh9/Gabra4/Gabrb2/Daam1/Ywhah/Wasf1/Cdh6/Ywhag/Gabrb3/Actr3b/Lima1/Cdh7/Scn3b/Gabra1/Cdh18/Gabrg3/Actr2/Pcdh20/Pcdh17/Ywhab/Pcdh8/Ywhaz/Cdh12/Gabrd/Abi2/Fzd9/Tjp1/Adam10/Gabra2/Gabrb1/Cdh9/Mapk10/Rras2/Gabra3/Hras/Nckap1/Gabrg1/Rac1/Jup/Shoc2/Mapk1/Scn1b/Cdh20/Gabrg2/Mapk3/Cdc42/Gja1/Arpc2/Pdgfra/Myo1c/Lhfpl6/Wwtr1/Arpc4/Pcdh19",0.538434096309916,"activated"
"rno04014","Ras signaling pathway",172,0.462590999327547,1.65433209994603,0.000176104960278817,0.00133448425455726,0.000715424524287855,2061,"tags=34%, list=17%, signal=28%","Met/Pak6/Gng7/Ntrk2/Syngap1/Prkcb/Ntf3/Grin1/Egfr/Shc3/Kitlg/Prkca/Rasgrp2/Pik3r1/Pdgfa/Gnb4/Ets2/Rasgrf2/Fgf9/Angpt2/Vegfd/Tgfa/Bdnf/Rasa3/Calm3/Shc2/Prkacb/Mapk10/Grin2b/Rras2/Ralgdsl1/Ngfr/Hras/Pla2g4e/Ksr1/Gng2/Gng3/Rac1/Gnb5/Shoc2/Mapk1/Mapk3/Plce1/Cdc42/Ksr2/Pdgfra/Gnb1/Pdgfrb/Pld2/Pak5/Gng10/Rap1b/Rasal1/Gnb2/Map2k1/Hgf/Mapk8/Gng12",0.518848077743792,"activated"
"rno04922","Glucagon signaling pathway",74,0.503127911974377,1.65275382250691,0.00393617916021953,0.0176610143899324,0.0094681692760401,1453,"tags=26%, list=12%, signal=23%","Camk2b/Camk2a/Itpr1/Pdha1/Ppp3cb/Plcb1/Sik2/Ppargc1a/Pgam1/Ldha/Gnas/Camk2g/Calm3/Prkacb/Prkaa2/Adcy2/Acaca/Creb5/Cpt1a",0.407017918923954,"activated"
"rno04974","Protein digestion and absorption",57,0.524674364345937,1.64899103448652,0.00551037710407908,0.0229151047864752,0.0122849167271062,2942,"tags=53%, list=24%, signal=40%","Atp1a2/Atp1b1/Col8a1/Atp1a1/Atp1a3/Col1a1/Col14a1/Slc7a8/Col1a2/Atp1b2/Col19a1/Slc3a2/Eln/Ctrb1/Slc8a1/Atp1b3/Col3a1/Col5a3/Col9a2/Col26a1/Slc15a1/Col4a5/Slc1a1/Col5a2/Col24a1/Col9a3/Col8a2/Slc36a4/Col5a1/Kcnk5",0.407017918923954,"activated"
"rno04934","Cushing syndrome",113,0.484149883892454,1.64741569140124,0.00067309353749933,0.00425046104235688,0.00227869610214404,2058,"tags=32%, list=17%, signal=27%","Camk2b/Ccnd1/Adcy1/Cacna1i/Egfr/Camk2a/Adcy5/Itpr1/Kcna4/Cacna1d/Plcb1/Gnai1/Cacna1g/Gnas/Camk2g/Nceh1/Agtr1a/Kcnk3/Fzd9/Prkacb/Adcy2/Nr4a1/Adcy9/Gnai3/Ldlr/Mapk1/Creb5/Mapk3/Ccne1/Wnt4/Cyp11a1/Rap1b/Kcnk2/Creb3l2/Map2k1/Ccne2",0.477270815362862,"activated"
"rno04935","Growth hormone synthesis, secretion and action",91,0.495229045520212,1.64611913603279,0.00191328206405361,0.0101942059975356,0.00546517124602491,1671,"tags=30%, list=14%, signal=26%","Sstr1/Prkcb/Adcy1/Irs2/Adcy5/Shc3/Itpr1/Prkca/Sst/Pik3r1/Cacna1d/Plcb1/Gnai1/Igfbp3/Gnas/Shc2/Prkacb/Mapk10/Adcy2/Hras/Adcy9/Gnai3/Mapk1/Creb5/Mapk3/Ghr/Fos",0.45505986738723,"activated"
"rno04611","Platelet activation",88,0.495675152124951,1.64409639697215,0.00231610327828264,0.0112827316842054,0.00604873599690255,1926,"tags=31%, list=16%, signal=26%","Gucy1a1/Gucy1b1/Adcy1/Adcy5/Itpr1/Rasgrp2/Pik3r1/Plcb1/Gnai1/Tln2/Col1a1/Gnas/Col1a2/Prkcz/Arhgef12/Prkacb/Adcy2/Pla2g4e/Adcy9/Gnai3/Mapk1/Mapk3/Col3a1/P2ry1/Rock2/Rap1b/Gucy1a2",0.431707695803346,"activated"
"rno00230","Purine metabolism",96,0.48973092303325,1.62512462673954,0.00202613783910899,0.0106294308174795,0.00569849772305397,2956,"tags=41%, list=24%, signal=31%","Gucy1a1/Gucy1b1/Adcy1/Adcy5/Prps2/Ak5/Pde1a/Gda/Pde10a/Pnp/Pgm1/Entpd6/Pde2a/Impdh1/Adcy2/Adcy9/Rrm2/Prune1/Nme1/Entpd2/Adk/Adss2/Gucy1a2/Hprt1/Ampd3/Prps1/Ak1/Ppat/Nme2/Itpa/Entpd1/Entpd3/Nudt16/Entpd5/Adsl/Adcy3/Rrm1/Guk1/Nme3",0.431707695803346,"activated"
"rno01212","Fatty acid metabolism",53,0.531148517737292,1.62430704538608,0.00540133270228332,0.022738943845415,0.0121904758545176,2429,"tags=43%, list=20%, signal=35%","Acsl4/Acat2/Scd/Acsbg1/Acsl1/Acat2l1/Acsl3/Scd2/Acsl5/Acaca/Acsl6/Fasn/Cpt1a/Fads2/Acadl/Hsd17b12/Tecr/Hacd3/Acaa2/Elovl7/Elovl4/Mecr/Hacd2",0.407017918923954,"activated"
"rno03430","Mismatch repair",21,-0.545319132342616,-1.61168933627985,0.0239660081452197,0.077098196014339,0.041332777077471,3213,"tags=52%, list=27%, signal=39%","Mlh1/Pold1/Rpa3/Pold4/Rfc3/Ssbp1/Rfc4/Msh6/Lig1/Pms2/Msh2",0.352487857583619,"suppressed"
"rno03022","Basal transcription factors",36,-0.478615890372622,-1.6073220954178,0.00838315632129018,0.0324847307449995,0.0174152470967675,3661,"tags=53%, list=30%, signal=37%","Gtf2e2/Gtf2i/Taf5l1/Taf4/Taf11l1/Taf12/Taf6l/Ercc2/Gtf2h4/Tbp/Taf10/Gtf2a1/Taf15/Taf11/Gtf2b/Taf6/Taf8/Gtf2e1/Taf2",0.380730400722792,"suppressed"
"rno04360","Axon guidance",164,0.448120272527882,1.60652666014797,0.000952953815382584,0.00580280805438324,0.00311091807764955,1832,"tags=33%, list=15%, signal=28%","Camk2b/Trpc4/Met/Pak6/Robo2/Sema7a/Rnd1/Ablim1/Camk2a/Prkca/Srgap2/Trpc5/Epha7/Epha5/Pik3r1/Ppp3cb/Sema3e/Rgs3/Ngef/Sema6a/Trpc3/Ablim3/Gnai1/Ntng1/Sema6b/Sema4f/Dpysl2/Camk2g/Epha8/Unc5c/Prkcz/Ablim2/Limk2/Arhgef12/Plxnc1/Ntn4/Bmp7/Hras/Gnai3/Srgap3/Rac1/Ephb3/Mapk1/Mapk3/Cdc42/Trpc1/Ephb6/Pak5/Wnt4/Rock2/Plxna4/Unc5a/Slit2/Lrrc4c",0.477270815362862,"activated"
"rno04070","Phosphatidylinositol signaling system",84,0.486216427415559,1.58884588680644,0.0042793456230242,0.0189513877591072,0.010159945706255,2062,"tags=35%, list=17%, signal=29%","Prkcb/Dgkz/Itpr1/Prkca/Synj2/Pik3r1/Dgkb/Plcb1/Pip4k2b/Cds1/Dgkh/Bpnt2/Impa1/Calm3/Itpk1/Pip5k1c/Inpp4a/Inpp4b/Itpkb/Pip4k2a/Plce1/Itpka/Cds2/Plcd1/Pip4p1/Inpp1/Dgke/Pten/Pi4ka",0.407017918923954,"activated"
"rno05412","Arrhythmogenic right ventricular cardiomyopathy",62,0.503255618736695,1.58753135721616,0.00879311470700674,0.0333161346121033,0.017860967392142,1744,"tags=29%, list=14%, signal=25%","Cacna2d1/Ryr2/Itgb5/Cacng4/Atp2a2/Itga3/Cacna1d/Cacna2d3/Itgb8/Itgav/Jup/Dag1/Slc8a1/Gja1/Cacnb1/Cacnb4/Itga9/Cacna2d2",0.380730400722792,"activated"
"rno00500","Starch and sucrose metabolism",18,0.631153865597641,1.58537587117938,0.0159083134253608,0.0540286239031058,0.0289650495476478,2013,"tags=44%, list=17%, signal=37%","Gyg1/Pgm2l1/Gbe1/Hk1/Pgm1/Ugp2/Pygb/Hk2",0.352487857583619,"activated"
"rno01523","Antifolate resistance",23,-0.51582664084668,-1.58354943379035,0.0213467906121043,0.0693262437974053,0.037166189724642,2979,"tags=48%, list=25%, signal=36%","Abcc3/Ggh/Gart/Mtr/Abcc5/Ikbkb/Abcc1/Mthfr/Il1b/Shmt2/Chuk",0.352487857583619,"suppressed"
"rno04930","Type II diabetes mellitus",34,0.55541234426866,1.57988899258035,0.0112539433941393,0.0403957336568578,0.0216563803102379,2588,"tags=50%, list=21%, signal=39%","Irs2/Pik3r1/Cacna1b/Cacna1d/Cacna1g/Cacna1a/Hk1/Prkcz/Mapk10/Mapk1/Mapk3/Hk2/Mapk8/Prkce/Irs1/Mapk9/Pik3r2",0.380730400722792,"activated"
"rno05410","Hypertrophic cardiomyopathy",67,0.496627960780383,1.5792825920766,0.0105422544854667,0.0382437104206825,0.0205026685337674,3165,"tags=46%, list=26%, signal=34%","Cacna2d1/Ryr2/Itgb5/Cacng4/Atp2a2/Itga3/Cacna1d/Cacna2d3/Itgb8/Itgav/Prkaa2/Dag1/Slc8a1/Myh7/Tpm1/Cacnb1/Cacnb4/Itga9/Cacna2d2/Prkab2/Itga11/Cacnb2/Cacng8/Myh6/Cacng3/Lama2/Sntb2/Tpm2/Tpm3/Sntb1/Actg1",0.380730400722792,"activated"
"rno01230","Biosynthesis of amino acids",60,0.507354340864587,1.56953275542138,0.00741288076642554,0.0296067267612002,0.0158723329529875,2907,"tags=45%, list=24%, signal=34%","Eno1/Prps2/Pgam1/Got2/Phgdh/Ass1/Got1/Idh3a/Bcat1/Psat1/Asns/Cs/Aldoa/Cps1/Glul/Pgk1/Arg2/Aldoc/Shmt1/Prps1/Gpt2/Psph/Pc/Tpi1/Cth/Tpi1l1/Gapdh",0.407017918923954,"activated"
"rno04514","Cell adhesion molecule (CAM) interaction",79,0.478781494302613,1.56740416406348,0.00657225357796171,0.0266802198819636,0.0143034161338096,2071,"tags=41%, list=17%, signal=34%","Cntn1/Nrxn1/Ncam2/Nrcam/Nrxn2/Sdc3/Ncam1/Itgb8/Ntng1/Slitrk5/Slitrk1/Nectin3/Alcam/Slitrk3/Cxadr/Cldn12/Itgav/Cadm3/Jam2/Nlgn3/Igsf11/Slitrk2/Nlgn2/Nlgn1/Sdc1/Vcam1/Itga9/Lrrc4c/Ptprf/Cdh4/Ptprm/Neo1",0.407017918923954,"activated"
"rno04550","Signaling pathways regulating pluripotency of stem cells",95,-0.376575538445614,-1.56453825894675,0.00263995021501877,0.0123318222372794,0.00661115935057253,1699,"tags=32%, list=14%, signal=27%","Dvl3/Pcgf6/Ctnnb1/Fzd2/Id4/Id3/Inhbb/Setdb1/Fzd7/Igf1r/Raf1/Mapk14/Bmi1/Jak2/Dvl2/Wnt7a/Smad4/Id2/Smarcad1/Acvr2b/Mapk11/Akt2/Fgfr1/Pik3ca/Jarid2/Pik3r3/Tcf3/Wnt7b/Smad5/Fgfr2",0.431707695803346,"suppressed"
"rno05207","Chemical carcinogenesis - receptor activation",136,0.445831284495106,1.55972835438805,0.00165744720825312,0.00897126187324309,0.00480954401373292,2141,"tags=30%, list=18%, signal=25%","Ccnd1/Prkcb/Adcy1/Egfr/Adcy5/Prkca/Pik3r1/Cacna1b/Cacna1d/Chrna4/Klf5/Gnai1/Rps6ka3/Fgf9/Cacna1a/Gnas/Mgst3/Paqr7/Hsp90b1/Kpna2/Prkacb/Adcy2/Hras/Adcy9/Rps6ka2/Gnai3/Arrb1/Mapk1/Creb5/Mapk3/Kpna4/Rxrg/Fos/Kpnb1/Ptges3/Gstm5/Creb3l2/Kpna3/Map2k1/Kpna2l1/Prkaca",0.45505986738723,"activated"
"rno04814","Motor proteins",132,0.44754948846455,1.55195381162994,0.00218805371175868,0.0111362136673091,0.00597018686289841,3234,"tags=45%, list=27%, signal=34%","Kif26b/Dync1i1/Myo16/Myo5b/Kif5a/Tubb4a/Kif3b/Tuba4a/Tubb4b/Tubb6/Klc1/Kifap3/Kif1a/Actg2/Tubb2b/Kifc3/Bicdl1/Tubb3/Acta1/Dynll2/Kif11/Kif13a/Myo10/Myo5a/Kif1b/Myh7/Capza2/Myo1c/Tpm1/Kif22/Myl1/Dnal1/Klc2/Kif3a/Myo1d/Kif2a/Myo18a/Myl9/Myo1e/Tubb5/Kif18b/Myo9a/Kif5c/Myh11/Myh6/Dync1li1/Kif3c/Myh4/Dnah5/Tpm2/Kif2c/Tpm3/Kif18a/Kif1c/Myo18b/Kif4a/Actg1/Kif16b/Kif24/Myh14",0.431707695803346,"activated"
"rno04978","Mineral absorption",38,0.537349210686326,1.54561861996665,0.0144080625127547,0.0496277708772663,0.0266057274561956,1506,"tags=32%, list=12%, signal=28%","Atp1a2/Atp1b1/Atp2b2/Atp2b1/Atp1a1/Atp1a3/Atp1b2/Atp2b3/Slc11a2/Slc8a1/Mt2/Atp1b3",0.380730400722792,"activated"
"rno04066","HIF-1 signaling pathway",88,0.464341475027544,1.54016626168317,0.00910033346648641,0.0341012495832073,0.0182818719496856,2037,"tags=26%, list=17%, signal=22%","Camk2b/Prkcb/Egfr/Camk2a/Eno1/Prkca/Pdha1/Pik3r1/Ldha/Angpt2/Egln3/Camk2g/Hk1/Cul2/Mapk1/Mapk3/Tfrc/Aldoa/Ifngr2/Pgk1/Hk2/Aldoc/Map2k1",0.380730400722792,"activated"
"rno05034","Alcoholism",95,0.456622640142666,1.53067149244746,0.00799868551272875,0.0313511696533391,0.0168075386116484,2141,"tags=39%, list=18%, signal=32%","Gng7/Ntrk2/Grin1/Adcy5/Shc3/Pkia/Gnao1/Hdac9/Gnb4/Gnai1/Gnas/Bdnf/Calm3/Drd2/Shc2/Prkacb/Grin2b/Hras/Npy/Camkk2/Gnai3/Gng2/Gng3/Gnb5/Slc29a2/Mapk1/Creb5/Mapk3/Gnb1/Grin2d/Gng10/Gnb2/Hdac4/Creb3l2/Map2k1/Gng12/Prkaca",0.380730400722792,"activated"
"rno03020","RNA polymerase",27,-0.480315732366735,-1.52809338508549,0.0265981988747851,0.0832108790486397,0.0446098208769783,3501,"tags=52%, list=29%, signal=37%","Polr2b/Polr2i/Polr3h/Polr2a/Polr2e/Polr2h/Polr2j/Polr1h/Polr3b/Polr2g/Polr2d/Polr2c/Polr3c/Polr3gl",0.352487857583619,"suppressed"
"rno00564","Glycerophospholipid metabolism",77,0.470828192720487,1.52043532146117,0.0118526765940966,0.0421016949852808,0.0225709557858739,3537,"tags=53%, list=29%, signal=38%","Dgkz/Dgkb/Cds1/Samd8/Gpam/Dgkh/Etnk1/Gdpd5/Lpcat1/Gpd1l/Pla2g4e/Gpd2/Lpin2/Plpp3/Pld3/Cds2/Pld2/Agpat3/Pcyt2/Lpgat1/Dgke/Sgms1/Chpt1/Selenoi/Lpcat4/Lypla2/Ptdss1/Etnk2/Ache/Plpp1/Pld1/Pnpla6/Dgkk/Chka/Lcat/Plaat3/Dgkd/Lclat1/Cdipt/Dgkg/Mboat1",0.380730400722792,"activated"
"rno04710","Circadian rhythm",29,0.555633764139393,1.51454252627319,0.0256444645763672,0.0809700224124187,0.04340848501446,1387,"tags=31%, list=11%, signal=28%","Bhlhe40/Rorb/Bmal1/Npas2/Per1/Nfil3/Cry2/Prkaa2/Btrc",0.352487857583619,"activated"
"rno04517","IgSF CAM signaling",231,0.41174904267966,1.50820211694534,0.0012755918484657,0.00713076754634106,0.00382284463996232,2395,"tags=41%, list=20%, signal=33%","Cntn1/Pak6/Robo2/Prkcb/Kcna2/Ncam2/Nrcam/Prkca/Mtss2/Srgap2/Grip2/Tubb4a/Kcna4/Pik3r1/Pmp22/Tuba4a/Lrfn5/Rims1/Ncam1/Actr3b/Lmo7/Tubb4b/Tubb6/Clmp/Slitrk5/Actr2/Sptbn1/Erc1/Tubb2b/Sptbn4/Pals2/Slitrk1/Epb41l1/Nectin3/Sptbn2/Unc5c/Tubb3/Slitrk3/Tjp2/Scn8a/Cxadr/Dynll2/Git1/Ppfia2/Tjp1/Kcnq2/Mapk10/Cadm3/Jam2/Kcna6/Srgap3/Nlgn3/Rac1/Slitrk2/Nlgn2/Cables1/Mapk1/Nlgn1/Mapk3/Cdc42/Arpc2/Ssx2ip/Arpc4/App/Mbp/Caskin1/Pak5/Plxna4/Unc5a/Slit2/Lrrc4c/Ptprf/Rap1b/Il1rapl1/Ppfia3/Map2k1/Mapk8/Il1rap/Arpc5/Myl9/Magi1/Pak1/Cd48/Prkcq/Cadm1/Grip1/Cadm4/Rapgef2/Cables2/Tubb5/Mag/Akt3/Arpc5l/F11r",0.45505986738723,"activated"
"rno01200","Carbon metabolism",94,0.454277854384489,1.50402667827911,0.0138331475742435,0.048629931163062,0.0260707799658733,3560,"tags=50%, list=29%, signal=36%","Acat2/Eno1/Pdha1/Prps2/Me1/Pgam1/Acat2l1/Got2/Hk1/Phgdh/Got1/Acss1/Idh3a/Suclg2/Psat1/Cs/Aldoa/Cps1/Pgp/Pgls/Pgk1/Pcca/Hk2/Aldoc/Shmt1/Prps1/Mdh1/Sdhd/Dlst/Gpt2/Psph/Pc/Sucla2/Tpi1/Tpi1l1/Gapdh/Dlat/Acat1/Fh/Ogdh/Me3/Glud1/Aco2/Acox1/Sdha/LOC134480898/Pdhb",0.380730400722792,"activated"
"rno05133","Pertussis",44,-0.418810230971003,-1.49041451955774,0.027594652657761,0.0847727617684369,0.045447154999122,1400,"tags=32%, list=12%, signal=28%","Itgb2/Il1b/Itgb1/Mapk14/Irf8/C2/Itgam/Irf3/Mapk11/C1qc/Jun/C1qb/C3/C1qa",0.352487857583619,"suppressed"
"rno05163","Human cytomegalovirus infection",160,0.422220955701213,1.48304242270664,0.0048915264568978,0.0208501315225269,0.0111778729309863,2061,"tags=30%, list=17%, signal=25%","Gng7/Ccnd1/Prkcb/Cx3cl1/Adcy1/Egfr/Adcy5/Ptk2b/Itpr1/Prkca/Gnao1/Pik3r1/Ppp3cb/Gnb4/Plcb1/Gnai1/Gnas/Calm3/Arhgef12/Prkacb/Itgav/Bak1/Adcy2/Hras/Adcy9/Gnai3/Gng2/Gng3/Rac1/Pdia3/Gnb5/Mapk1/Creb5/Mapk3/Pdgfra/Gnb1/Bid/Jak1/Rock2/Gng10/Cycs/Gnb2/Calr/Creb3l2/Tap2/Map2k1/Ptger3/Gng12",0.407017918923954,"activated"
"rno05231","Choline metabolism in cancer",84,0.451954149383441,1.4768844711601,0.0160026129449082,0.0540286239031058,0.0289650495476478,2807,"tags=44%, list=23%, signal=34%","Prkcb/Egfr/Dgkz/Prkca/Pik3r1/Wasf1/Pdgfa/Dgkb/Dgkh/Mapk10/Hras/Pla2g4e/Pip5k1c/Rac1/Mapk1/Wasf3/Mapk3/Slc44a1/Plpp3/Pdgfra/Fos/Pdgfrb/Pld2/Slc22a3/Dgke/Map2k1/Mapk8/Chpt1/Akt3/Slc5a7/Mapk9/Rheb/Pik3r2/Prkcg/Plpp1/Sos1/Pld1",0.352487857583619,"activated"
"rno05169","Epstein-Barr virus infection",146,-0.328721320466058,-1.47483468337201,0.00222203012640705,0.0111428275456589,0.00597373260032912,2395,"tags=32%, list=20%, signal=26%","Traf6/Irf9/Casp9/Psmc5/Syk/Casp3/Ifnar2/B2m/Icam1/Stat2/Tyk2/Ikbkb/Sap30l/Cdkn1a/Psmc4/Mdm2/Psmd2/Blnk/Tlr2/Psmc2/RT1-N2/Hdac2/Sem1/Sap30/Ncor2/Mapk14/Ripk1/Tab1/Rb1/Sin3a/Chuk/Irf3/Cirsr/Snw1/Mapk11/Bcl2l11/Akt2/Itgal/Hdac1/Pik3ca/Rbpj/Jun/Pik3r3/Cdkn1b/Cdk4/Tp53",0.431707695803346,"suppressed"
"rno05140","Leishmaniasis",46,-0.404510107248489,-1.47341603283458,0.0368989554426882,0.108470205223764,0.0581514878924994,2800,"tags=50%, list=23%, signal=39%","Elk1/Nfkbia/Cyba/Eef1a1/Cybb/Traf6/Tgfb1/Ifngr1/Fcgr3a/Eef1a1l1/Itgb2/Tlr2/Il1b/Itgb1/Mapk14/Itgam/Tab1/Jak2/Ptpn6/Mapk11/Jun/C3/Ncf1",0.321775918075361,"suppressed"
"rno04510","Focal adhesion",171,0.406968335745921,1.45794651717526,0.0085872272508666,0.0329016235117473,0.0176387456568375,2785,"tags=36%, list=23%, signal=28%","Met/Pak6/Ccnd1/Prkcb/Tnc/Egfr/Shc3/Parvb/Prkca/Itgb5/Pik3r1/Pdgfa/Itga3/Itgb8/Tln2/Col1a1/Tnr/Vegfd/Col1a2/Shc2/Mapk10/Itgav/Capn2/Dock1/Hras/Pip5k1c/Rac1/Emp2/Mapk1/Mapk3/Cdc42/Pdgfra/Itga9/Pdgfrb/Pak5/Rock2/Rap1b/Lama5/Lamb2/Col9a2/Ibsp/Pten/Map2k1/Hgf/Mapk8/Lamc2/Myl9/Pak1/Col4a5/Arhgap5/Akt3/Itga11/Crk/Mapk9/Parva/Cav1/Pik3r2/Prkcg/Cav2/Sos1/Rap1a/Col9a3",0.380730400722792,"activated"
"rno04151","PI3K-Akt signaling pathway",245,0.39459096613938,1.45310562897743,0.00452066579048334,0.0197634235199336,0.0105952826507787,2386,"tags=31%, list=20%, signal=26%","Met/Gng7/Ccnd1/Ntrk2/Ppp2r2c/Ntf3/Tnc/Egfr/Sgk1/Kitlg/Prkca/Itgb5/Pik3r1/Ywhah/Pdgfa/Gnb4/Itga3/Ywhag/Itgb8/Col1a1/Tnr/Fgf9/Angpt2/Vegfd/Tgfa/Bdnf/Col1a2/Ywhab/Ywhaz/Hsp90b1/Itgav/Prkaa2/Ngfr/Nr4a1/Hras/Gng2/Gng3/Rac1/Gnb5/Mapk1/Creb5/Mapk3/Ccne1/Pdgfra/Phlpp1/Ghr/Gnb1/Jak1/Itga9/Pdgfrb/Gng10/Ppp2r5a/Ywhaq/Ppp2cb/Lama5/Gnb2/Lamb2/Col9a2/Ppp2r1a/Ret/Creb3l2/Ibsp/Pten/Map2k1/Hgf/Ccne2/Gng12/Lamc2/Ppp2r5c/Magi1/Sgk3/Ppp2cal1/Col4a5/Akt3/Ppp2r5b/Them4/Irs1",0.407017918923954,"activated"
"rno05030","Cocaine addiction",40,0.493752800579022,1.4515478040407,0.0488466757123474,0.136530462441889,0.073194749814186,2984,"tags=55%, list=25%, signal=42%","Grin1/Adcy5/Grm3/Gnai1/Gnas/Bdnf/Grm2/Drd2/Prkacb/Grin2b/Gnai3/Creb5/Dlg4/Grin2d/Creb3l2/Prkaca/Rgs9/Drd1/Fosb/Pdyn/Creb3l1/Gpsm1",0.237793834423688,"activated"
"rno04010","MAPK signaling pathway",232,0.393304511703272,1.43886147534438,0.00746679912452557,0.0296067267612002,0.0158723329529875,2461,"tags=33%, list=20%, signal=27%","Mef2c/Met/Ntrk2/Prkcb/Cacna2d1/Ntf3/Cacna1i/Mapt/Egfr/Kitlg/Prkca/Ptpn5/Rasgrp2/Cacng4/Pdgfa/Ppp3cb/Cacna1b/Dusp3/Cacna1d/Cacna2d3/Stmn1/Rps6ka3/Rasgrf2/Cacna1g/Fgf9/Cacna1a/Dusp7/Angpt2/Vegfd/Tgfa/Bdnf/Prkacb/Mapk10/Mapk8ip1/Rras2/Ngfr/Dusp5/Nr4a1/Hras/Map3k14/Pla2g4e/Rps6ka2/Map3k5/Rac1/Arrb1/Mapk1/Rps6ka4/Map3k10/Mapk3/Cdc42/Pdgfra/Cacnb1/Cacnb4/Fos/Pdgfrb/Cacna2d2/Rap1b/Ret/Map2k1/Hgf/Mapk8/Gng12/Ppp5c/Il1rap/Prkaca/Pak1/Mapk8ip2/Hspa8/Rapgef2/Map3k9/Dusp2/Taok2/Akt3/Mapkapk3/Cdc25b/Crk/Efna3",0.407017918923954,"activated"
"rno04910","Insulin signaling pathway",103,0.426181272876835,1.43347229262135,0.0141596428113237,0.0492697775373611,0.0264138052105601,2588,"tags=33%, list=21%, signal=26%","Prkar2b/Prkar1b/Irs2/Shc3/Pik3r1/Ppargc1a/Hk1/Calm3/Prkcz/Shc2/Prkacb/Mapk10/Prkaa2/Acaca/Hras/Fasn/Mapk1/Mapk3/Prkar2a/Ptprf/Pygb/Hk2/Map2k1/Mapk8/Prkaca/Prkab2/Akt3/Irs1/Phka1/Crk/Mapk9/Rheb/Ptpn1/Pik3r2",0.380730400722792,"activated"
"rno04920","Adipocytokine signaling pathway",57,0.454632378552916,1.42885714867278,0.044414535666218,0.127271904724205,0.0682311848802832,2509,"tags=35%, list=21%, signal=28%","Acsl4/Irs2/Acsbg1/Acsl1/Ppargc1a/Acsl3/Acsl5/Mapk10/Prkaa2/Npy/Camkk2/Acsl6/Cpt1a/Rxrg/Mapk8/Prkab2/Prkcq/Akt3/Irs1/Mapk9",0.248911114434702,"activated"
"rno04144","Endocytosis",213,0.395648819555986,1.42324348047662,0.0103713542473059,0.0382437104206825,0.0205026685337674,2474,"tags=32%, list=20%, signal=26%","Wipf3/Cyth3/Psd/Egfr/Agap2/Dnm1/Amph/Kif5a/Iqsec3/Sh3gl2/Arf3/Dnm3/Actr3b/Iqsec2/Chmp2b/Actr2/Ehd3/Cltb/Nedd4/Eps15/Rab31/Prkcz/Asap1/Iqsec1/Git1/Rab10/Dnajc6/Hras/Psd3/Pip5k1c/Ldlr/Arrb1/Agap1/Ap2a1/Cdc42/Tfrc/Arpc2/Capza2/Pdgfra/Sh3glb1/Arpc4/Rab11fip5/Vps35/Arfgef2/Ap2m1/Grk2/Ehd1/Rab11a/Pld2/Rab7a/Vps26b/Snx3/Chmp4b/Arf2/Vps4a/Rab11fip4/Sh3gl3/Arf5/Arpc5/Smap2/Agap3/Hspa8/Cltc/Chmp4bl1/Arpc5l/Arfgef1/Wwp1/Kif5c",0.380730400722792,"activated"
"rno04512","ECM-receptor interaction",66,0.447458885013939,1.42139519258658,0.0328282828282828,0.0990658800393314,0.0531097761987534,3006,"tags=44%, list=25%, signal=33%","Tnc/Itgb5/Cd47/Itga3/Sv2a/Itgb8/Col1a1/Tnr/Col1a2/Fras1/Itgav/Mepe/Dag1/Sdc1/Itga9/Lama5/Lamb2/Col9a2/Ibsp/Lamc2/Agrn/Col4a5/Itga11/Frem2/Hmmr/Col9a3/Lama2/Thbs4/Lama3",0.282013350011725,"activated"
"rno04062","Chemokine signaling pathway",120,0.400874025138412,1.38118334010249,0.0352941176470588,0.104654731457801,0.056105990918949,2167,"tags=32%, list=18%, signal=27%","Gng7/Prkcb/Cx3cl1/Adcy1/Adcy5/Shc3/Ptk2b/Rasgrp2/Pik3r1/Gnb4/Plcb1/Gnai1/Prkcz/Shc2/Prkacb/Cxcl14/Adcy2/Hras/Adcy9/Gnai3/Gng2/Gng3/Rac1/Gnb5/Arrb1/Mapk1/Mapk3/Cdc42/Gsk3a/Grk2/Gnb1/Rock2/Gng10/Rap1b/Gnb2/Map2k1/Gng12/Prkaca/Pak1",0.261663521711573,"activated"
"rno04919","Thyroid hormone signaling pathway",107,0.402250661505301,1.37652689968806,0.0402366863905325,0.117271026146766,0.0628696575529349,2141,"tags=29%, list=18%, signal=24%","Ccnd1/Prkcb/Atp1a2/Atp1b1/Rcan2/Prkca/Pik3r1/Slco1c1/Atp2a2/Atp1a1/Plcb1/Atp1a3/Atp1b2/Prkacb/Itgav/Hras/Mapk1/Myh7/Mapk3/Plce1/Atp1b3/Rcan1/Rxrg/Notch4/Plcd1/Thrb/Wnt4/Notch3/Map2k1/Med12l/Prkaca",0.245041785430996,"activated"
"rno04330","Notch signaling pathway",59,-0.356856871714113,-1.3742683902046,0.0468938652427365,0.132155438411348,0.0708492747925748,1296,"tags=29%, list=11%, signal=26%","Tle2/Ncstn/Dtx2/Hdac2/Ncor2/Tle3/Maml1/Dll4/Dll3/Dvl2/Kat2b/Cirsr/Snw1/Mfng/Hdac1/Rbpj/Ctbp2",0.321775918075361,"suppressed"
"rno05134","Legionellosis",36,-0.408271329132694,-1.37108596149968,0.0458174521388065,0.130197926494442,0.0697998416297945,3254,"tags=56%, list=27%, signal=41%","Eef1a1l2/Cr1l/Hsf1/Clk1/Nfkb2/Nfkbia/Cd14/Eef1a1/Casp9/Casp3/Tlr5/Eef1a1l1/Bcl2l13/Clk4/Itgb2/Tlr2/Il1b/Eef1g/Itgam/C3",0.321775918075361,"suppressed"
"rno04148","Efferocytosis",117,0.39608676909851,1.35961616037251,0.0441860465116279,0.127271904724205,0.0682311848802832,1453,"tags=25%, list=12%, signal=22%","Camk2b/Cx3cl1/Camk2a/Sgk1/Mfge8/Itgb5/Xkr4/Cd47/Gas6/Atp2a2/Tyro3/Atp8a2/Atp8a1/Dusp7/Camk2g/Adam10/Itgav/Dock1/Cd24/Megf10/Dusp5/S1pr1/Megf11/Rac1/Sirpa/Mapk1/Ano4/Mapk3/Cpt1a",0.231126709673834,"activated"
"rno05170","Human immunodeficiency virus 1 infection",148,0.383269128624701,1.34952447816218,0.0311418685121107,0.09481586752348,0.0508313205541949,2061,"tags=28%, list=17%, signal=23%","Pak6/Gng7/Prkcb/Ptk2b/Itpr1/Prkca/Gnao1/Pik3r1/Ppp3cb/Gnb4/Gnai1/Calm3/Limk2/Mapk10/Bak1/Hras/Gnai3/Gng2/Gng3/Rac1/Pdia3/Gnb5/Mapk1/Btrc/Mapk3/Ap1m2/Gnb1/Bid/Fos/Cdk1/Cul4a/Pak5/Gng10/Cycs/Gnb2/Ap1s1/Calr/Tap2/Map2k1/Mapk8/Gng12",0.276500599254472,"activated"
"rno04613","Neutrophil extracellular trap formation",86,-0.330668996790777,-1.34497281772955,0.0275233969635452,0.0847727617684369,0.045447154999122,2222,"tags=37%, list=18%, signal=31%","Syk/Actb/Ager/Fcgr3a/Hdac3/Ppif/H3f3a/Clcn3/Hdac10/Hdac8/Itgb2/Macroh2a2/Tlr2/Hdac2/Raf1/Mapk14/Itgam/Hist3h2ba/Plcg1/Mapk11/Akt2/Itgal/Rac2/Hdac1/Pik3ca/Macroh2a1/Pik3r3/H3f3b/C3/Hdac7/H2az2/Ncf1",0.352487857583619,"suppressed"
"rno05220","Chronic myeloid leukemia",72,-0.349671636403347,-1.34167213791328,0.0243657045107182,0.0776514508238777,0.0416293800966317,1125,"tags=22%, list=9%, signal=20%","Hdac2/Raf1/Abl1/Rb1/Smad4/Chuk/Akt2/Hdac1/Crkl/Pik3ca/Pik3r3/Cdkn1b/Cdk4/Ctbp2/Tp53/Tgfbr1",0.352487857583619,"suppressed"
"rno05168","Herpes simplex virus 1 infection",117,-0.314922783608366,-1.33670932749994,0.035177328654904,0.104654731457801,0.056105990918949,2774,"tags=32%, list=23%, signal=25%","Srsf5/Bcl2l1/Nfkbia/Tsc1/Hcfc1/Traf6/Irf9/Srsf2/Casp9/Srsf3/Syk/Casp3/Ifnar2/B2m/Ifngr1/Stat2/Tyk2/Ikbkb/Ppp1cc/Tlr3/Eif2b2/Tlr2/Il1b/Srsf4/RT1-N2/Srsf6/Daxx/Tab1/Jak2/Cfp/Chuk/Irf3/Nxf1/Akt2/Pik3ca/Pik3r3/C3/Tp53",0.321775918075361,"suppressed"
"rno05225","Hepatocellular carcinoma",139,-0.302027092741582,-1.3339069995752,0.0210926091931406,0.069159420527509,0.0370767548301514,1322,"tags=25%, list=11%, signal=23%","Txnrd2/Lef1/Fzd7/Rps6kb2/Igf1r/Arid2/Smarcb1/Dpf3/Raf1/Smarcc1/Gstm4/Smarce1/Txnrd1/Rb1/Gstp1/Dvl2/Wnt7a/Smad4/Smarcd2/Smarca4/Smarcc2/Plcg1/Akt2/Gstm1/Gab1/Smarcd1/Gsta4/Pik3ca/Actl6a/Pik3r3/Cdk4/Wnt7b/Tp53/Tgfbr1/Smarcd3",0.352487857583619,"suppressed"
